stream_ratio,OM_type,season,enr,year,added_N,added_P,added_NP,pct_N,pct_P,pct_C,CN,CP,NP,pct_Nse,pct_Pse,pct_Cse,CNse,CPse,NPse
2,Biofilm,Autumn,PRE,PRE,23,2,25.46428571,0.45632849,0.017271401,5.29670899,13.65926345,787.6688167,59.25718308,0.077549934,0.003150462,1.265027684,2.42871313,114.2809366,5.447299838
2,Biofilm,Autumn,PRE,YR1,128.6264335,110.0551571,2.587935738,0.703995241,0.04987995,4.365169531,6.734737045,221.1673746,34.85006701,0.143697705,0.014580349,1.331503644,1.124553461,13.50551341,4.208255174
2,Biofilm,Autumn,TRT,YR2,76.703125,89.72091491,1.893010499,0.622634653,0.048175442,4.600330198,8.542283664,245.9557842,28.46027129,0.118886363,0.008806403,0.943990946,0.539894002,33.66895465,2.253077483
2,Biofilm,Spring,PRE,PRE,19,3,14.02380952,0.476816522,0.03077043,6.996505846,17.07612444,785.9999772,40.2339447,0.024533797,0.009171165,2.485360549,6.282879793,349.7870617,10.12059379
2,Biofilm,Spring,TRT,YR1,88.15105853,76.68578839,2.545342934,1.122390228,0.072111596,6.810212116,7.057445039,241.8169461,34.29013877,0.160919466,0.009429689,1.038907728,0.158829762,5.84205328,0.839733886
2,Biofilm,Spring,TRT,YR2,68.61427205,72.95256193,2.082608182,0.825310182,0.040718686,6.437389357,9.242023551,535.7688775,58.26133475,0.300358099,0.006770253,2.103211227,0.390362558,40.79605235,6.87501992
2,Biofilm,Summer,PRE,PRE,26,3,19.19047619,0.473454528,0.031508708,4.274703367,9.6855737,627.9123029,53.34124507,0.10124933,0.007030448,1.440119764,1.344697682,417.7586994,30.23392068
2,Biofilm,Summer,TRT,YR1,66.88458375,76.09433491,1.946289149,0.556726042,0.02698476,3.629133353,7.54134633,379.0316675,49.56282083,0.06842834,0.00662622,0.54133009,0.412906397,70.34517571,6.715072661
2,Biofilm,Summer,TRT,YR2,93.18908625,81.61325885,2.528354649,0.672399416,0.030860598,3.672317724,6.429114946,306.8425828,47.83343304,0.088934363,0.002667496,0.413621938,0.329651143,18.37487875,2.414386574
2,Biofilm,Winter,PRE,PRE,13,2,14.39285714,0.373878878,0.018953368,4.032576276,9.886809537,487.6970768,42.152462,0.110497612,0.002409728,2.841200592,5.079493081,298.0395232,7.138607193
2,Biofilm,Winter,TRT,YR1,115.1763591,91.10203678,2.799425519,0.59778952,0.042560058,4.249938684,8.246896245,256.3502512,31.05976897,0.051315627,0.003175301,0.450746909,0.202207854,11.1770708,0.841277404
2,Biofilm,Winter,TRT,YR2,83.98816124,77.41240922,2.402376925,0.418451249,0.024015244,4.479333669,11.56051681,347.1890525,39.02970242,0.118650845,0.000408756,1.979413119,2.270213114,26.3611407,12.5679896
2,FBOM,Autumn,PRE,PRE,23,2,25.46428571,0.4975,0.033180036,7.735,18.0075,655.0926675,36.3536647,0.022867371,0.005420215,0.546847023,0.830234656,127.3748043,6.545066246
2,FBOM,Autumn,TRT,YR1,128.6264335,110.0551571,2.587935738,0.44225,0.050336398,8.31825,22.31592626,452.4931111,20.25357137,0.110567758,0.013910913,1.920953512,0.510530924,36.06321625,1.410572029
2,FBOM,Autumn,TRT,YR2,76.703125,89.72091491,1.893010499,0.63575,0.064259146,14.29775,25.97406084,564.0895599,21.6895822,0.097645938,0.008172221,2.500129676,0.767540167,34.25546856,0.999432438
2,FBOM,Spring,PRE,PRE,19,3,14.02380952,0.405,0.03511622,7.47,20.82,530.127845,25.66318993,0.154569294,0.011708894,3.123142114,0.698689249,50.78253715,2.180193343
2,FBOM,Spring,TRT,YR1,88.15105853,76.68578839,2.545342934,0.3525,0.025549501,5.375,14.85752334,449.6751802,32.10837549,0.163114224,0.01190524,3.094340264,2.83318668,68.75105189,4.105848776
2,FBOM,Spring,TRT,YR2,68.61427205,72.95256193,2.082608182,0.5775,0.045665181,8.4975,16.57121338,468.3543742,27.77027317,0.053909647,0.003351654,2.046856838,3.254357931,98.79396028,0.861500823
2,FBOM,Summer,PRE,PRE,26,3,19.19047619,0.37,0.034869093,6.975,21.9375,438.8744645,19.90149834,0.061913919,0.001775303,1.105369471,0.191501741,22.45640107,1.164021481
2,FBOM,Summer,TRT,YR1,66.88458375,76.09433491,1.946289149,0.419,0.038804895,6.627,17.71629796,424.5935222,24.13120113,0.061679278,0.006157534,2.09780834,5.155053333,117.5724641,1.276323459
2,FBOM,Summer,TRT,YR2,93.18908625,81.61325885,2.528354649,0.5815,0.057020405,10.7065,21.42242191,481.3013035,22.46847457,0.060142193,0.004638901,1.183021731,0.39021659,18.67009148,0.846622148
2,FBOM,Winter,PRE,PRE,NA,2,14.39285714,0.1725,0.017398224,3.0725,20.7575,466.2314175,22.38722947,0.013149778,0.001525729,0.279802758,0.470095292,52.16069446,2.215251155
2,FBOM,Winter,TRT,YR1,115.1763591,91.10203678,2.799425519,0.28525,0.038520213,5.93,24.321613,398.4252032,16.38412902,0.021661698,0.002390035,0.377908058,0.390736986,16.97751385,0.656835685
2,FBOM,Winter,TRT,YR2,83.98816124,77.41240922,2.402376925,0.60975,0.064766426,11.612,22.19848004,462.4567297,20.83659871,0.06160002,0.003818901,1.210694498,0.274033845,39.33630543,1.761172798
2,Leaves,Autumn,PRE,PRE,23,2,25.46428571,0.6725,0.04496615,49.4675,88.1175,3081.259249,34.32305821,0.056623758,0.006548372,0.237885652,8.922893192,555.4299707,2.947031451
2,Leaves,Autumn,TRT,YR1,128.6264335,110.0551571,2.587935738,0.54,0.018899317,48.3375,104.6675,7333.878569,68.88375278,0.018708287,0.003364092,0.616608668,4.252866435,1375.661631,10.65229305
2,Leaves,Autumn,TRT,YR2,76.703125,89.72091491,1.893010499,0.5775,0.016971734,49.85,100.79,8580.277768,85.09963468,0.017969882,0.003199247,0.229818769,3.522387921,1801.537898,17.74285071
2,Leaves,Spring,PRE,PRE,19,3,14.02380952,0.8475,0.024542791,46.42,64.175,4954.468419,76.91867056,0.042106017,0.001906515,0.886227962,2.353708067,305.511844,2.04827698
2,Leaves,Spring,TRT,YR1,88.15105853,76.68578839,2.545342934,0.8125,NA,49.9075,74.7125,NA,NA,0.091230021,NA,0.166451945,9.373125035,NA,NA
2,Leaves,Spring,TRT,YR2,68.61427205,72.95256193,2.082608182,0.73,0.059222874,47.84,80.48702919,2179.593326,28.53435009,0.091560545,0.00674107,0.379539194,10.79926461,276.5494581,4.492337365
2,Leaves,Summer,PRE,PRE,26,3,19.19047619,0.7825,0.032044538,48.3,74.205,4604.233206,60.25595305,0.07909646,0.007389103,0.860668345,7.096382294,1123.80897,10.65232521
2,Leaves,Summer,TRT,YR1,66.88458375,76.09433491,1.946289149,0.645,0.032619524,49.4075,91.35534,4092.79822,44.6671647,0.05866572,0.004380567,0.14470516,7.319513637,450.9185833,3.146590871
2,Leaves,Summer,TRT,YR2,93.18908625,81.61325885,2.528354649,0.79,0.043186222,48.65333333,72.11847229,3151.292129,43.37418783,0.026457513,0.006458908,0.16756425,2.053441031,569.6545885,6.747520546
2,Leaves,Winter,PRE,PRE,13,2,14.39285714,0.6575,0.023422214,48.3925,87.34,5367.79625,62.10864035,0.058505698,0.001106338,0.971865689,6.948183216,243.2111483,3.000839801
2,Leaves,Winter,TRT,YR1,115.1763591,91.10203678,2.799425519,0.775,0.050486133,47.59,74.7375,2551.711938,34.04484354,0.097510683,0.006200274,0.789377392,8.753750982,324.1528957,1.098809791
2,Leaves,Winter,TRT,YR2,83.98816124,77.41240922,2.402376925,0.815,0.044647634,49.885,72.85020603,3064.808295,41.50476641,0.066143783,0.006077594,0.308909372,5.963339603,439.4760461,2.936970151
2,LeavesB,Autumn,PRE,PRE,23,2,25.46428571,0.79470513,0.031253389,46.15741098,76.69534058,4088.882865,57.1716489,0.112596106,0.00329212,1.364370598,9.900183358,391.5947582,6.702987626
2,LeavesB,Autumn,TRT,YR1,128.6264335,110.0551571,2.587935738,0.64919325,0.035502456,46.29985342,85.16036936,3564.321315,42.91970537,0.041318881,0.00325256,1.024571784,4.902956882,324.5357096,4.710519733
2,LeavesB,Autumn,TRT,YR2,76.703125,89.72091491,1.893010499,0.609237949,0.038583497,43.53451411,85.02964992,2994.354993,35.16367064,0.030786151,0.002206375,1.150212604,5.26582973,210.3566332,1.080178521
2,LeavesB,Spring,PRE,PRE,19,3,14.02380952,0.707828096,0.026007613,44.10658048,73.06455612,4421.968402,60.78679351,0.018667104,0.000954956,0.27066699,2.048591875,162.4927798,2.46469025
2,LeavesB,Spring,TRT,YR1,88.15105853,76.68578839,2.545342934,0.84125,0.0615,39.23625,54.41934455,1673.823137,30.78167672,0.046996865,0.004775973,2.432153615,1.954186472,91.97951839,1.323828299
2,LeavesB,Spring,TRT,YR2,68.61427205,72.95256193,2.082608182,0.881542568,0.062537083,39.60023744,52.40682671,1651.650252,31.41827011,0.040195653,0.001928879,2.046922274,1.472776348,112.588046,1.706016878
2,LeavesB,Summer,PRE,PRE,26,3,19.19047619,1.076659335,0.050525049,41.13759668,49.62386849,2657.879183,51.30035075,0.146091332,0.009814179,1.815433954,6.013708377,448.1014126,4.166447179
2,LeavesB,Summer,TRT,YR1,66.88458375,76.09433491,1.946289149,0.94875,0.057492633,36.2125,46.25569255,1713.749172,37.0414418,0.065176614,0.004247763,2.513049336,4.25022998,191.0050117,1.931728791
2,LeavesB,Summer,TRT,YR2,93.18908625,81.61325885,2.528354649,0.894438777,0.051793714,38.04654717,49.43670274,1939.166268,38.82223501,0.031332404,0.004429889,4.143283494,4.539086057,284.604351,2.567126129
2,LeavesB,Winter,PRE,PRE,13,2,14.39285714,0.7625,0.034717092,41.72875,65.56706873,3344.49603,50.42552498,0.053477298,0.003553868,1.241041379,4.249715655,364.2382078,3.466477346
2,LeavesB,Winter,TRT,YR1,115.1763591,91.10203678,2.799425519,0.7975,0.041110756,39.71625,58.89603977,2642.101376,44.23949649,0.046396967,0.003396569,2.360798849,3.61490196,317.3941606,3.274410253
2,LeavesB,Winter,TRT,YR2,83.98816124,77.41240922,2.402376925,0.803597129,0.058700884,35.44857914,51.81631302,1619.873741,30.86539256,0.032756546,0.0040846,1.355435268,2.220710869,139.6432855,1.397585636
2,Wood,Autumn,PRE,PRE,23,2,25.46428571,0.3775,0.010705618,47.39,154.8475,15796.78896,94.79593673,0.053131127,0.002518846,0.37,22.01064908,6311.948174,23.93143548
2,Wood,Autumn,TRT,YR1,128.6264335,110.0551571,2.587935738,0.4125,0.008280895,47.6325,137.4,11433.10549,109.0116794,0.036371921,0.001160746,0.610537673,13.79793161,NA,10.38359163
2,Wood,Autumn,TRT,YR2,76.703125,89.72091491,1.893010499,0.4,0.023048448,48.705,146.0925,5631.388035,40.53820563,0.045092498,0.002339193,0.501738644,13.54195787,567.8533328,7.760152352
2,Wood,Spring,PRE,PRE,19,3,14.02380952,0.4075,0.014180457,45.9475,133.3975,8908.792264,67.27091176,0.024958299,0.002170681,0.266344858,8.591492279,1209.806898,9.542229614
2,Wood,Spring,TRT,YR1,88.15105853,76.68578839,2.545342934,0.4625,0.021790666,49.7,129.665,6839.597384,52.06194305,0.050887949,0.00527554,0.301579177,11.91253716,1380.160902,8.909611331
2,Wood,Spring,TRT,YR2,68.61427205,72.95256193,2.082608182,0.299,0.019418955,45.204,184.5554633,6289.220966,34.39974978,0.036067067,0.002127471,0.401661964,22.8144435,843.8365274,2.847249457
2,Wood,Summer,PRE,PRE,26,3,19.19047619,0.36,0.013287461,47.235,155.525,9764.406754,62.21597984,0.021602469,0.001899071,0.243533023,10.85302224,1370.234217,5.931287074
2,Wood,Summer,TRT,YR1,66.88458375,76.09433491,1.946289149,0.3375,0.015378043,47.255,165.1502128,8377.490984,50.18852295,0.021360009,0.002123221,0.018484228,9.487576266,1085.652043,4.276878815
2,Wood,Summer,TRT,YR2,93.18908625,81.61325885,2.528354649,0.32075,0.02362369,46.46375,171.8385882,5712.864946,33.37708235,0.023764031,0.004597918,0.13085512,12.35438347,1088.677074,6.265730762
2,Wood,Winter,PRE,PRE,13,2,14.39285714,0.2625,0.008507655,49.1775,220.645,15049.71244,68.64829982,0.0175,0.000414809,0.343956756,16.17864668,807.2512638,3.080522388
2,Wood,Winter,TRT,YR1,115.1763591,91.10203678,2.799425519,0.3275,0.02272543,46.3075,165.9975,5500.697392,32.98965951,0.013149778,0.002756326,0.400964982,6.968188879,669.6934808,3.101579115
2,Wood,Winter,TRT,YR2,83.98816124,77.41240922,2.402376925,0.5375,0.029490468,47.4775,105.5847345,5581.429442,53.40377312,0.042106017,0.011009053,0.683939264,10.91409369,1304.28654,13.55984692
8,Biofilm,Autumn,PRE,PRE,44,2,48.71428571,0.468925162,0.032242565,5.043269632,11.82168009,534.6183982,39.68413639,0.086516263,0.006789051,1.497594626,1.639711716,265.4332819,15.50484499
8,Biofilm,Autumn,PRE,YR1,152.2911872,53.4830864,6.305099854,0.534029027,0.042211612,2.966118896,6.218664411,174.1097098,28.88640803,0.043457698,0.006225292,0.706566125,1.097667966,22.61851053,2.210107066
8,Biofilm,Autumn,TRT,YR2,137.0431255,33.1585749,9.151558411,0.994736516,0.069662377,5.537032415,6.367709074,206.3502806,32.46653378,0.313869878,0.017116703,1.838710381,0.358894218,55.56776786,8.403984739
8,Biofilm,Spring,PRE,PRE,171,3,126.2142857,0.532053085,0.034337592,5.888153607,12.66131232,429.4370354,33.73292804,0.153720484,0.007345073,2.062899458,0.865351575,63.33906015,2.697051995
8,Biofilm,Spring,TRT,YR1,217.6510311,39.51128827,12.19756657,1.134537952,0.076023271,6.898062043,7.096645609,242.3886234,34.18153364,0.263234844,0.021626413,1.603762511,0.050400811,20.82603186,3.04219019
8,Biofilm,Spring,TRT,YR2,154.6295942,39.31117674,8.709841064,0.927693515,0.123380443,6.119551279,7.691511366,125.3718914,16.40398957,0.255173579,0.024428783,1.627213874,0.314984949,18.94477185,2.701409838
8,Biofilm,Summer,PRE,PRE,104,2,115.1428571,0.464457435,0.075354149,3.393616088,8.161809976,168.7858187,19.54225186,0.069898306,0.031001879,0.897267828,1.2059161,93.62671741,9.196510214
8,Biofilm,Summer,TRT,YR1,151.4413001,46.70572478,7.179726017,1.084953389,0.077669404,7.108181089,7.643605054,242.3148763,31.79929139,0.110181857,0.011211461,0.757972831,0.203254345,23.74694356,3.286585282
8,Biofilm,Summer,TRT,YR2,155.6583022,34.06523846,10.11799625,0.542513231,0.031470789,4.128883775,8.392896114,353.5611044,42.85412891,0.061869567,0.007713888,1.293480889,1.63966858,79.07090349,6.842163331
8,Biofilm,Winter,PRE,PRE,106,2,117.3571429,1.49395249,0.071937663,42.79171654,36.228335,2439.309889,84.5967805,0.232607876,0.038161354,2.642584159,9.059819628,914.0175095,38.16878369
8,Biofilm,Winter,TRT,YR1,318.1206232,51.42962689,13.69657907,1.169204853,0.095678443,6.619719185,7.622602843,202.7649005,22.1941971,0.199417548,0.022512654,1.519456356,0.220360723,41.80537507,4.450307835
8,Biofilm,Winter,TRT,YR2,151.2791297,36.71807914,9.122895958,0.322207771,0.03302904,3.552676734,14.37107286,277.3388469,23.2758399,0.026363844,0.004736476,1.195047329,6.460617393,75.49333279,4.294103978
8,FBOM,Autumn,PRE,PRE,44,2,48.71428571,0.57,0.065253668,9.145,18.85317242,263.6414133,19.09570746,0.119233664,0.01023404,1.888352457,0.706862375,81.64174566,1.770663085
8,FBOM,Autumn,TRT,YR1,152.2911872,53.4830864,6.305099854,0.6215,0.082442569,13.134,25.259954,417.1765452,16.59817649,0.096084598,0.01148186,1.567627082,1.156183811,15.27764714,0.488112942
8,FBOM,Autumn,TRT,YR2,137.0431255,33.1585749,9.151558411,0.495,0.063471506,9.41925,22.20723436,356.4291793,16.0948585,0.165936233,0.011807891,3.092069571,0.436502912,74.15400221,3.412111167
8,FBOM,Spring,PRE,PRE,171,3,126.2142857,0.19,0.035570804,3.3525,19.7925,220.0709724,11.06175856,0.067453688,0.009056123,1.322638619,0.784743854,31.37243166,1.078332228
8,FBOM,Spring,TRT,YR1,217.6510311,39.51128827,12.19756657,0.433333333,0.028252325,4.926666667,13.08501431,455.7694061,36.41461404,0.085699734,0.007790475,1.240985272,1.84774862,18.24418846,5.650168502
8,FBOM,Spring,TRT,YR2,154.6295942,39.31117674,8.709841064,0.78,0.065140309,12.055,18.07211551,478.064021,26.57553877,0.026457513,0.002211571,0.579158873,0.74286343,14.59850168,1.251719679
8,FBOM,Summer,PRE,PRE,104,2,115.1428571,0.4725,0.061418058,8.9425,22.02256158,363.9240863,16.51411134,0.064855609,0.007579511,1.323312605,0.371628142,38.27065398,1.428455502
8,FBOM,Summer,TRT,YR1,151.4413001,46.70572478,7.179726017,0.56225,0.056517785,10.721,22.42973909,500.2468078,22.1809109,0.020604914,0.003963286,0.522654283,1.809158153,52.85855336,0.739287858
8,FBOM,Summer,TRT,YR2,155.6583022,34.06523846,10.11799625,0.609666667,0.070429089,11.40166667,21.80849591,432.6081176,19.57228572,0.013920409,0.002787771,0.408720905,0.297309665,29.3198586,1.2148824
8,FBOM,Winter,PRE,PRE,106,2,117.3571429,0.2025,0.026889917,3.5925,20.5825,363.115709,17.39174635,0.03705289,0.004736132,0.717511614,0.479711285,90.04025556,3.827362572
8,FBOM,Winter,TRT,YR1,318.1206232,51.42962689,13.69657907,0.462,0.069158828,9.96525,25.18227804,372.4561058,14.81982854,0.015253415,0.002007873,0.364325032,0.663646021,11.08269668,0.561873752
8,FBOM,Winter,TRT,YR2,151.2791297,36.71807914,9.122895958,0.496,0.068627028,9.2945,21.92046756,339.585773,15.52584622,0.098573999,0.007570876,1.793973081,0.231326581,36.96525181,1.80266661
8,Leaves,Autumn,PRE,PRE,44,2,48.71428571,0.625,0.0310174,50.21,97.16,4650.304269,47.56280288,0.063966137,0.005854219,0.240589554,11.10760775,848.7742357,6.87961819
8,Leaves,Autumn,TRT,YR1,152.2911872,53.4830864,6.305099854,0.715,0.04038687,48.615,82.555,3503.986448,41.76631532,0.081700673,0.007836967,0.257762811,9.488607643,680.7285089,5.498323741
8,Leaves,Autumn,TRT,YR2,137.0431255,33.1585749,9.151558411,0.735,0.039305473,49.9525,79.64,3773.143944,48.38305207,0.025,0.0066511,0.369129042,2.385455931,971.0228317,13.86363155
8,Leaves,Spring,PRE,PRE,171,3,126.2142857,0.7875,0.028653033,47.59,70.7475,4550.278118,63.23271496,0.031457643,0.003406244,0.588033446,3.45367769,732.5537809,6.726904907
8,Leaves,Spring,TRT,YR1,217.6510311,39.51128827,12.19756657,0.575,NA,50.18,103.7675,NA,NA,0.045,NA,0.275922694,8.940702224,NA,NA
8,Leaves,Spring,TRT,YR2,154.6295942,39.31117674,8.709841064,0.703333333,0.03823404,48.58,80.65760319,3329.731576,41.21887562,0.016666667,0.003109593,0.231588716,1.577932108,332.0195406,3.723873748
8,Leaves,Summer,PRE,PRE,104,2,115.1428571,0.8525,0.032351568,48.76,72.675,3943.398586,58.9042781,0.114336856,0.0020878,0.60073566,14.4697872,259.5600548,8.936381052
8,Leaves,Summer,TRT,YR1,151.4413001,46.70572478,7.179726017,0.735,0.047952396,49.325,78.82908694,2723.229477,34.36996043,0.035707142,0.004395587,0.353211457,3.708102288,239.9612151,1.667494042
8,Leaves,Summer,TRT,YR2,155.6583022,34.06523846,10.11799625,0.6475,0.031669432,47.9125,90.11458422,4278.200636,47.9904044,0.06872348,0.005504964,0.41358947,11.34129641,735.740861,6.640960209
8,Leaves,Winter,PRE,PRE,106,2,117.3571429,0.78,0.035952924,50.3625,77.0675,3777.667358,48.57464386,0.05845226,0.003897143,0.352665446,6.806106786,494.55955,2.228425686
8,Leaves,Winter,TRT,YR1,318.1206232,51.42962689,13.69657907,0.8025,0.044331531,49.1075,71.6875,2954.502851,41.16149813,0.031983068,0.004626949,0.619534435,2.091392578,309.1606646,4.007193668
8,Leaves,Winter,TRT,YR2,151.2791297,36.71807914,9.122895958,0.82,0.039793091,46.805,67.39986332,3068.05093,45.78543662,0.038944405,0.001861599,1.990634321,5.87229441,239.6516069,2.285041528
8,LeavesB,Autumn,PRE,PRE,44,2,48.71428571,0.832817317,0.030262181,48.4314992,69.23611945,4318.24265,63.44759568,0.042664551,0.002471522,0.380756553,3.94888926,324.5446515,5.648299462
8,LeavesB,Autumn,TRT,YR1,152.2911872,53.4830864,6.305099854,0.733593315,0.039006385,46.96611186,75.95960085,3319.655986,45.16548705,0.036350508,0.003972929,0.515890911,3.806152079,309.8267498,6.324216557
8,LeavesB,Autumn,TRT,YR2,137.0431255,33.1585749,9.151558411,0.745188199,0.055911837,44.9176668,71.20262732,2129.409883,29.72771511,0.028764144,0.002888251,0.995497086,3.613854791,152.7043502,0.787902003
8,LeavesB,Spring,PRE,PRE,171,3,126.2142857,0.737302707,0.032507718,45.13736096,73.55675077,3899.303817,52.57579985,0.052432306,0.003960429,0.64269812,5.111455765,438.1356652,3.836554737
8,LeavesB,Spring,TRT,YR1,217.6510311,39.51128827,12.19756657,0.85875,0.059284873,42.16375,59.11064469,2073.550039,33.68062156,0.058445258,0.006515673,1.981065674,5.185032946,357.3065471,2.40053631
8,LeavesB,Spring,TRT,YR2,154.6295942,39.31117674,8.709841064,0.800226289,0.046145138,42.82385535,63.241448,2543.090951,39.67868617,0.030941556,0.00369257,1.628495004,4.059165306,300.6577117,2.455663636
8,LeavesB,Summer,PRE,PRE,104,2,115.1428571,1.468983936,0.069424116,48.06308555,41.94586835,1877.68116,49.28976315,0.19287487,0.008088977,4.719570011,4.911276721,164.0254254,7.183655192
8,LeavesB,Summer,TRT,YR1,151.4413001,46.70572478,7.179726017,1.10125,0.089672397,45.67375,58.11899313,2064.336558,32.9063747,0.175330682,0.025001496,0.729030514,9.624558271,454.3721429,3.194659686
8,LeavesB,Summer,TRT,YR2,155.6583022,34.06523846,10.11799625,0.795747459,0.041120825,42.10305423,69.25131897,3117.417207,44.31847385,0.137408126,0.008789039,1.764329338,15.5009237,764.6123618,3.71446184
8,LeavesB,Winter,PRE,PRE,106,2,117.3571429,0.765,0.037375246,44.00625,68.36637395,3333.288948,48.19922516,0.033380918,0.004036758,1.545108569,4.436665873,389.979455,4.409516103
8,LeavesB,Winter,TRT,YR1,115.1763591,91.10203678,2.799425519,0.80875,0.041775295,43.32625,64.74374377,2966.087845,44.65077834,0.063257905,0.005115496,1.887257967,5.19211903,397.4950232,2.501638111
8,LeavesB,Winter,TRT,YR2,151.2791297,36.71807914,9.122895958,0.772191049,0.053213409,37.94512866,57.69299825,1857.586652,32.17682976,0.036304533,0.002308408,1.615118709,2.19655932,92.13438574,0.866863975
8,Wood,Autumn,PRE,PRE,44,2,48.71428571,0.466666667,0.013631603,50.84,126.8733333,9746.321632,76.66114714,0.016666667,0.001010585,2.928145033,3.068280373,904.5099721,6.037169513
8,Wood,Autumn,TRT,YR1,152.2911872,53.4830864,6.305099854,0.4175,0.008679265,47.9375,137.185,17921.38178,125.8252265,0.034247871,0.00175712,0.66933269,11.67617624,6024.429079,32.05213992
8,Wood,Autumn,TRT,YR2,137.0431255,33.1585749,9.151558411,0.35,0.019480546,49.5,167.56,6696.489412,40.2121659,0.0195789,0.001525928,0.345518933,11.0146342,566.386367,2.597270447
8,Wood,Spring,PRE,PRE,171,3,126.2142857,0.3575,0.009230907,46.8375,154.6325,14078.22407,91.17006457,0.022867371,0.001305828,0.224958329,8.70688078,2335.883156,14.57386902
8,Wood,Spring,TRT,YR1,217.6510311,39.51128827,12.19756657,0.523333333,0.02129724,49.33,118.49,5034.026915,40.19248586,0.091347931,0.004397011,0.282901632,23.58848519,353.74697,11.82142133
8,Wood,Spring,TRT,YR2,154.6295942,39.31117674,8.709841064,0.29775,0.016839868,45.33825,187.5600161,7890.455251,43.95196534,0.035773302,0.003383367,0.562753554,27.59238745,1554.348378,10.75092456
8,Wood,Summer,PRE,PRE,104,2,115.1428571,0.42,0.01396025,47.4375,138.95,9264.011835,66.87901411,0.063900965,0.001927474,0.207138239,16.38807341,1187.298288,3.514429888
8,Wood,Summer,TRT,YR1,151.4413001,46.70572478,7.179726017,0.44,0.023838386,46.2975,126.5875901,5461.437529,42.18769923,0.039370039,0.00356029,0.456351016,14.38038008,1020.540068,2.940124335
8,Wood,Summer,TRT,YR2,155.6583022,34.06523846,10.11799625,0.46225,0.020493491,47.3675,126.3886812,6481.609118,51.55148794,0.060564532,0.003280857,0.679039211,17.5337323,1077.471443,5.492624474
8,Wood,Winter,PRE,PRE,106,2,117.3571429,0.26,0.009312681,48.93,221.84,13821.76528,62.85541819,0.016832508,0.000760447,0.49794578,12.89356105,1026.813009,5.967750732
8,Wood,Winter,TRT,YR1,318.1206232,51.42962689,13.69657907,0.29,0.01721945,46.945,212.5925,10611.95594,45.47078215,0.047258156,0.005345712,0.521767828,47.2310557,4436.009794,9.32452848
8,Wood,Winter,TRT,YR2,151.2791297,36.71807914,9.122895958,0.445,0.019105006,46.5575,122.1702899,6495.330216,52.99498669,0.008660254,0.002085711,0.341647357,2.018953643,617.3010235,4.3922595
16,Biofilm,Autumn,PRE,PRE,26,3,19.19047619,0.452044739,0.027227877,3.386908337,8.74441609,333.9251858,38.22938495,0.036482415,0.004381167,0.257786265,0.040409209,78.1893398,9.118294255
16,Biofilm,Autumn,PRE,YR1,333.1564597,40.71763054,18.11754711,0.601974418,0.040731748,3.584870208,6.795545876,223.4850238,34.12173493,0.053745619,0.006018174,0.76501246,1.094111118,28.63874133,4.029100332
16,Biofilm,Autumn,TRT,YR2,346.488029,52.39073608,14.6442587,0.881103005,0.066014974,4.998952152,6.520137359,198.5915333,30.93406754,0.100119003,0.011851966,0.775720346,0.397785459,6.27862991,2.651078114
16,Biofilm,Spring,PRE,PRE,57,3,42.07142857,0.444081667,0.031506923,4.846824158,11.75243423,357.1268975,30.09398841,0.129946593,0.007122501,1.9544152,1.922345315,97.28834893,4.919871155
16,Biofilm,Spring,TRT,YR1,427.6743881,56.26327882,16.83146286,0.838178624,0.045887081,5.166236862,7.240098223,303.5264121,41.83667412,0.099061287,0.008533163,0.510589709,0.179685304,26.94796949,3.357113876
16,Biofilm,Spring,TRT,YR2,377.0971263,52.1788825,16.00265739,1.601522502,0.110076647,11.70257231,8.895423242,230.3538017,26.22201878,0.978714423,0.039383312,6.920940454,0.290163159,53.24946916,6.667606766
16,Biofilm,Summer,PRE,PRE,24,2,26.57142857,0.53858273,0.044156835,3.99045133,8.634953259,280.8680995,32.25507572,0.054039853,0.010771143,0.412501787,0.102301053,78.91531963,8.63684302
16,Biofilm,Summer,TRT,YR1,436.9902432,56.75660401,17.04861081,1.217363567,0.082320261,8.952670728,8.565790799,277.6042268,32.43210338,0.172513389,0.009989236,1.488240268,0.520693689,18.74364484,1.107705531
16,Biofilm,Summer,TRT,YR2,372.7883514,54.48697779,15.14967345,0.559059867,0.031532468,3.346795874,6.988678547,280.0861143,40.10352596,0.036813051,0.002187275,0.219443706,0.159547891,30.49758949,4.420169905
16,Biofilm,Winter,PRE,PRE,28,2,31,0.425134813,0.023364477,6.121663047,12.27945017,579.0830709,39.34830422,0.144894855,0.004198924,4.731973996,6.630786978,405.5289726,8.286089472
16,Biofilm,Winter,TRT,YR1,398.3386468,44.41767947,19.85775902,0.416672757,0.025209863,2.695993059,7.567529347,279.464867,36.97086516,0.034368807,0.00264998,0.203608056,0.195115947,15.61404229,2.07420221
16,Biofilm,Winter,TRT,YR2,366.9094951,52.71868978,15.41089995,0.338231046,0.019434968,4.336262528,13.95444618,992.7284541,44.72534922,0.049590275,0.00446983,2.097839902,6.152727598,767.3329983,17.39241274
16,FBOM,Autumn,PRE,PRE,26,3,19.19047619,0.795,0.089511579,11.295,16.50868076,324.6445165,19.68185934,0.069940451,0.006777371,1.154487621,0.382292218,14.11684537,0.866423211
16,FBOM,Autumn,TRT,YR1,333.1564597,40.71763054,18.11754711,0.464666667,0.066198275,9.016333333,22.6773833,356.1577245,15.68124078,0.037706469,0.007199632,0.63327333,0.340998429,26.01207342,0.92165571
16,FBOM,Autumn,TRT,YR2,346.488029,52.39073608,14.6442587,0.5515,0.0733172,11.366,24.1602719,403.85704,16.7351578,0.080823367,0.008757354,1.579725029,0.535716401,40.19181563,1.66719404
16,FBOM,Spring,PRE,PRE,57,3,42.07142857,0.125,0.023475013,2.0525,19.1325,218.8655117,11.46272873,0.023979158,0.001942426,0.425291567,0.537050199,30.2318039,1.378773804
16,FBOM,Spring,TRT,YR1,427.6743881,56.26327882,16.83146286,0.28,0.025241442,3.04,11.14235458,268.4202327,24.6399221,0.085342447,0.007417317,1.507995358,2.051057119,48.74114295,2.354387223
16,FBOM,Spring,TRT,YR2,377.0971263,52.1788825,16.00265739,0.51,0.048914187,7.4025,16.5173285,360.8466811,22.43136225,0.129935882,0.012782941,2.122280122,0.874342399,52.27937882,2.436133975
16,FBOM,Summer,PRE,PRE,24,2,26.57142857,0.785,0.099167123,15.6475,23.27367117,411.5870348,17.65350694,0.032274861,0.005977741,0.742511223,0.296619534,27.43016403,1.011840897
16,FBOM,Summer,TRT,YR1,436.9902432,56.75660401,17.04861081,0.48325,0.059641775,10.5355,24.8585932,437.7909351,17.40858806,0.100899599,0.0090577,2.499133933,1.233292472,67.73241467,2.010967467
16,FBOM,Summer,TRT,YR2,372.7883514,54.48697779,15.14967345,0.2305,0.043076151,3.93,19.78432261,232.1633769,11.72847971,0.0695,0.011463208,1.251,0.394346235,13.2419687,0.451453075
16,FBOM,Winter,PRE,PRE,28,2,31,0.1075,0.025557183,1.82,19.855,191.766933,9.643019437,0.011814539,0.003563997,0.222073561,0.282267604,24.35217878,1.203847098
16,FBOM,Winter,TRT,YR1,398.3386468,44.41767947,19.85775902,0.450333333,0.04291086,10.07066667,26.1046983,524.0229488,20.05289362,0.060236571,0.008873464,1.333284957,0.184232763,45.74147556,1.630581279
16,FBOM,Winter,TRT,YR2,366.9094951,52.71868978,15.41089995,0.62,0.079080121,12.25425,23.00733019,397.7021863,17.26793475,0.062420616,0.005763492,1.353466129,0.376186373,17.79598005,0.525521519
16,Leaves,Autumn,PRE,PRE,26,3,19.19047619,0.58,0.036819531,49.22,99.33,4034.447052,39.64527534,0.023804761,0.006472229,0.344262497,4.582428396,1104.468378,8.939568063
16,Leaves,Autumn,TRT,YR1,333.1564597,40.71763054,18.11754711,0.7075,0.04043291,46.6775,77.545,3084.067083,40.07110686,0.039449335,0.004609621,1.221593051,4.392771525,316.7491768,4.28706658
16,Leaves,Autumn,TRT,YR2,346.488029,52.39073608,14.6442587,0.7,0.039045929,49.675,85.53,3375.56533,39.95082144,0.071414284,0.003556783,0.457502277,8.717362942,327.517138,3.200648735
16,Leaves,Spring,PRE,PRE,57,3,42.07142857,0.845,0.032704978,46.8725,65.1925,3801.358524,58.28963692,0.034761089,0.002899235,0.445147447,3.126439335,374.562119,4.539028183
16,Leaves,Spring,TRT,YR1,427.6743881,56.26327882,16.83146286,0.7475,NA,50.425,80.2375,NA,NA,0.060190669,NA,0.232396931,6.520688071,NA,NA
16,Leaves,Spring,TRT,YR2,377.0971263,52.1788825,16.00265739,0.675,0.037807416,48.825,86.02318216,3480.972995,41.20649768,0.056642152,0.005541911,0.253196235,6.508021192,514.7870273,5.282492924
16,Leaves,Summer,PRE,PRE,24,2,26.57142857,1.005,0.040553483,47.4325,57.9225,3181.105935,55.2043122,0.117933597,0.005186213,0.375352612,8.069465467,418.4320762,3.344052975
16,Leaves,Summer,TRT,YR1,436.9902432,56.75660401,17.04861081,0.6325,0.042880285,48.4825,91.97465962,3151.466523,33.64674353,0.058647961,0.006086302,0.306794584,9.183457743,547.1107035,2.579290707
16,Leaves,Summer,TRT,YR2,372.7883514,54.48697779,15.14967345,0.653333333,0.040882605,47.83666667,86.92289667,2687.829754,32.99834793,0.069841089,0.007341994,0.36739322,7.964536715,359.6342005,0.5396082
16,Leaves,Winter,PRE,PRE,28,2,31,0.715,0.027489084,49.485,81.22,4846.048706,59.17494048,0.031754265,0.003218391,0.430919559,3.956886402,561.1770805,4.70720334
16,Leaves,Winter,TRT,YR1,398.3386468,44.41767947,19.85775902,0.67,0.044070341,49.0575,86.55,3658.386798,41.38862164,0.043969687,0.014139013,0.542284904,5.190022479,872.7487583,8.517656856
16,Leaves,Winter,TRT,YR2,366.9094951,52.71868978,15.41089995,0.865,0.042105509,47.9525,65.9307463,3077.359718,46.10609888,0.05866572,0.004316668,1.875852584,6.558539998,450.725732,2.011363573
16,LeavesB,Autumn,PRE,PRE,26,3,19.19047619,0.636375,0.030059553,45.5255028,90.15731253,4182.233754,47.13133277,0.063530152,0.002651517,1.778917854,10.44533843,469.2169067,2.90792311
16,LeavesB,Autumn,TRT,YR1,333.1564597,40.71763054,18.11754711,0.727521914,0.04059725,47.55485484,79.37911046,3339.061049,42.62799992,0.050166236,0.004698638,0.585691647,6.553675256,406.2891277,4.883079837
16,LeavesB,Autumn,TRT,YR2,346.488029,52.39073608,14.6442587,0.754204262,0.046467338,39.18241157,61.79205984,2217.450539,36.01324713,0.037839471,0.00185468,1.50469967,4.104373383,148.2758602,1.330418878
16,LeavesB,Spring,PRE,PRE,57,3,42.07142857,0.78087691,0.035915275,41.89226375,63.30546882,3070.07997,48.35507812,0.024871068,0.001492231,0.97708333,3.322334418,197.0026801,1.072530784
16,LeavesB,Spring,TRT,YR1,427.6743881,56.26327882,16.83146286,0.97125,0.067138507,42.02625,51.00851495,1647.010873,32.31020241,0.040727207,0.003475042,1.018976969,2.201679733,93.25428102,1.230641385
16,LeavesB,Spring,TRT,YR2,377.0971263,52.1788825,16.00265739,0.916145909,0.060483055,42.3456217,54.17794698,1866.154027,34.18805882,0.030335595,0.003807748,1.713478122,2.29190245,159.2542192,1.813742687
16,LeavesB,Summer,PRE,PRE,24,2,26.57142857,1.136684235,0.059999754,41.98529464,44.36308131,1897.848018,42.47934225,0.092274072,0.005185781,1.380097271,2.525210169,168.5874965,1.947404416
16,LeavesB,Summer,TRT,YR1,436.9902432,56.75660401,17.04861081,1.38625,0.093186395,43.9725,39.29860076,1378.230102,34.37437866,0.145503283,0.013729669,1.160202799,3.562790312,176.0708497,2.050289232
16,LeavesB,Summer,TRT,YR2,372.7883514,54.48697779,15.14967345,0.881518829,0.044483792,42.74847374,57.67994378,2587.405441,44.63028218,0.06041602,0.00467727,1.298014567,5.708740826,341.6608074,3.030768458
16,LeavesB,Winter,PRE,PRE,28,2,31,0.8,0.042943271,41.49125,61.87750298,2675.249188,42.373295,0.040089186,0.003349527,1.84713237,4.862875527,335.0722146,2.488063721
16,LeavesB,Winter,TRT,YR1,398.3386468,44.41767947,19.85775902,0.67125,0.028524804,38.1425,67.05285745,3491.824406,52.14841675,0.038426065,0.001399765,2.445180208,4.428243979,258.3727202,1.662939689
16,LeavesB,Winter,TRT,YR2,366.9094951,52.71868978,15.41089995,0.988781902,0.06109725,38.64403967,45.82087963,1713.385268,36.97562315,0.043480342,0.005151564,1.54997309,1.589393836,158.8231374,2.362252824
16,Wood,Autumn,PRE,PRE,26,3,19.19047619,0.535,0.018699986,48.1525,108.8825,6881.610164,64.00871994,0.052360927,0.002007228,0.567294383,13.24519874,723.5239858,5.374664126
16,Wood,Autumn,TRT,YR1,333.1564597,40.71763054,18.11754711,0.52,0.017668072,47.2675,108.2075,12692.55165,105.5046774,0.045460606,0.004980105,0.3914157,9.403261292,7081.2685,48.90418446
16,Wood,Autumn,TRT,YR2,346.488029,52.39073608,14.6442587,0.4675,0.022440568,49.235,127.2825,7166.854099,52.98482562,0.04625563,0.005158988,0.261963738,15.50082599,2307.444075,10.01329145
16,Wood,Spring,PRE,PRE,57,3,42.07142857,0.3425,0.011222909,46.6925,168.15,11740.89189,69.18369708,0.049895725,0.002061912,0.263102483,18.75189057,1879.939669,3.974972836
16,Wood,Spring,TRT,YR1,427.6743881,56.26327882,16.83146286,0.4375,0.018899806,48.4525,129.77,7057.375008,54.8750833,0.018874586,0.0028071,0.462644122,6.751140644,994.2075463,9.255479089
16,Wood,Spring,TRT,YR2,377.0971263,52.1788825,16.00265739,0.37325,0.029929554,45.7565,149.8828442,7418.563225,46.53578674,0.046143571,0.017096334,0.585011752,18.65204021,2078.556336,11.17035034
16,Wood,Summer,PRE,PRE,24,2,26.57142857,0.47,0.016773628,45.91,116.045,7548.613782,66.05578367,0.032403703,0.002771131,1.675574528,10.80998343,977.9423558,10.04773774
16,Wood,Summer,TRT,YR1,436.9902432,56.75660401,17.04861081,0.3875,0.017749851,46.355,148.9189174,7111.083462,48.64785866,0.061424072,0.002192668,0.296099645,19.83192356,997.0887253,4.896282098
16,Wood,Summer,TRT,YR2,372.7883514,54.48697779,15.14967345,0.44425,0.019752282,46.375,124.2765544,6258.776642,50.79109455,0.038545157,0.001932527,0.416576324,10.08051121,673.9870812,4.943410448
16,Wood,Winter,PRE,PRE,28,2,31,0.33,0.013397959,49.12,177.085,10350.29601,57.7916155,0.027386128,0.002568555,0.260384331,13.69010866,1569.171384,6.601684067
16,Wood,Winter,TRT,YR1,398.3386468,44.41767947,19.85775902,0.435,0.019383813,46.785,134.4825,7156.991191,52.41631826,0.071004695,0.003864286,0.190809678,19.8847045,1588.910925,6.237206366
16,Wood,Winter,TRT,YR2,366.9094951,52.71868978,15.41089995,0.43,0.020618032,46.365,126.0779234,5978.780682,47.80765048,0.010801234,0.002183399,0.196150452,3.752822706,539.1419559,5.127268317
32,Biofilm,Autumn,PRE,PRE,159,3,117.3571429,0.465797534,0.018757189,5.441497641,13.15362819,1333.610082,81.73005737,0.049311856,0.006065421,1.661155153,3.153185475,909.2029808,41.47054969
32,Biofilm,Autumn,PRE,YR1,381.4475061,21.74489663,38.84285025,0.706929382,0.046422478,4.620192957,7.63390942,260.3623767,34.06453659,0.038086608,0.00418018,0.223324163,0.122881416,13.57333899,1.383897668
32,Biofilm,Autumn,TRT,YR2,332.6378152,23.54091102,31.28830323,0.482591167,0.029440033,2.335725396,5.51395173,198.5586769,35.84752546,0.082419199,0.003808637,0.474155034,0.29483331,20.83440173,2.589243517
32,Biofilm,Spring,PRE,PRE,241,4,133.4107143,0.745984361,0.0355542,7.128955514,10.41193468,472.6674232,44.91159491,0.210298236,0.008323037,3.214414706,2.408596496,127.8509186,3.494307952
32,Biofilm,Spring,TRT,YR1,309.520992,18.43531813,37.17689633,1.220915114,0.235525146,7.912073283,7.570679405,209.3189011,27.83646501,0.269831201,0.167331739,1.713962427,0.060369594,88.53390683,11.83679342
32,Biofilm,Spring,TRT,YR2,383.8149641,30.02288411,28.30760659,1.816019156,0.17326803,12.68437836,8.406977856,183.0246888,21.94053827,0.618508523,0.035143922,4.057148487,0.331831204,41.11952853,5.059559903
32,Biofilm,Summer,PRE,PRE,187,2,207.0357143,0.756551336,0.044319631,5.128476402,7.850425699,323.5811511,40.43548554,0.041607523,0.006361663,0.506155086,0.41309374,58.19174773,6.12538709
32,Biofilm,Summer,TRT,YR1,326.1010827,30.81597963,23.43203031,1.136000466,0.073267282,7.7899643,7.958237187,284.0402899,35.65481871,0.116680709,0.01230662,0.9094658,0.23360204,26.02444458,2.936118739
32,Biofilm,Summer,TRT,YR2,390.8997741,29.3404027,29.50074661,0.5367268,0.026569371,3.164398554,6.912179499,321.7586494,47.73129293,0.137275075,0.006370023,0.789599041,0.342094596,45.41630356,8.730683479
32,Biofilm,Winter,PRE,PRE,160,3,118.0952381,0.523253677,0.027225435,15.96578786,22.07842807,1102.175041,43.11733233,0.303930674,0.013585073,13.08926166,11.65054099,565.2650914,17.26238216
32,Biofilm,Winter,TRT,YR1,359.5813038,16.25958293,48.969014,1.605836615,0.107786451,9.885229472,7.373096069,272.2819294,36.72281771,0.534205096,0.045155103,3.117055998,0.210896914,32.6919427,3.903025569
32,Biofilm,Winter,TRT,YR2,377.633848,24.80388479,33.71202704,0.514547321,0.012921276,5.545338083,11.01580049,612.0626373,73.257678,0.116621018,0.003245795,2.659434478,2.711451177,68.18010285,5.198930219
32,FBOM,Autumn,PRE,PRE,159,3,117.3571429,1.416666667,0.114806194,23.89666667,19.68711508,539.1764127,27.36175474,0.033333333,0.004431465,0.61661261,0.425863281,23.03665335,0.59079033
32,FBOM,Autumn,TRT,YR1,381.4475061,21.74489663,38.84285025,0.7625,0.079522211,14.385,22.2125,463.9261431,21.0542394,0.091776449,0.004793909,1.596963264,0.277710131,27.57877353,1.477040699
32,FBOM,Autumn,TRT,YR2,332.6378152,23.54091102,31.28830323,1.18325,0.089703878,21.78875,21.53822772,633.8656938,29.42700136,0.077158252,0.006955748,1.216760273,0.41240432,38.01297383,1.660960205
32,FBOM,Spring,PRE,PRE,241,4,133.4107143,0.3675,0.048094553,6.7975,20.95,287.363213,13.77399491,0.177687694,0.018371758,3.440674292,0.693361378,83.68210371,3.644779002
32,FBOM,Spring,TRT,YR1,309.520992,18.43531813,37.17689633,0.4825,0.030215833,6.0725,12.67860421,444.6106573,37.40722558,0.158974579,0.009899363,2.844612964,2.901711501,98.66264858,5.635799109
32,FBOM,Spring,TRT,YR2,383.8149641,30.02288411,28.30760659,0.3625,0.032960361,3.985,12.12613579,363.958012,26.22147013,0.044976846,0.005728625,1.107621325,2.179541793,43.48734997,1.299338458
32,FBOM,Summer,PRE,PRE,187,2,207.0357143,0.8125,0.089901581,15.805,22.71769231,452.4865222,19.92399041,0.0627661,0.005450111,1.33981031,0.409923623,15.95450633,0.67405689
32,FBOM,Summer,TRT,YR1,326.1010827,30.81597963,23.43203031,0.9135,0.070503253,19.164,24.47178817,696.236138,28.39885227,0.119708326,0.005579506,2.475767558,0.498537881,54.90586818,1.983911918
32,FBOM,Summer,TRT,YR2,390.8997741,29.3404027,29.50074661,1.03275,0.084600895,18.1155,20.46660742,556.5907147,27.14900855,0.024287771,0.004221609,0.753031042,0.66840852,32.49929811,0.851196097
32,FBOM,Winter,PRE,PRE,160,3,118.0952381,0.0925,0.018738189,1.5225,18.54,200.7379843,10.64141293,0.020966243,0.002736859,0.426446069,1.17797142,32.76665766,1.126430425
32,FBOM,Winter,TRT,YR1,359.5813038,16.25958293,48.969014,0.7875,0.050473109,17.4775,26.20493412,621.0039862,23.79013919,0.2435,0.014437679,4.7875,1.010139415,38.6194619,2.390802395
32,FBOM,Winter,TRT,YR2,377.633848,24.80388479,33.71202704,0.91125,0.074700822,18.47975,23.80809833,640.2171983,26.94288548,0.06056178,0.003759201,0.731355178,0.730640911,8.090425879,0.524247081
32,Leaves,Autumn,PRE,PRE,159,3,117.3571429,0.7325,0.037212898,50.8925,81.1625,3696.479088,45.19117596,0.023935678,0.004661194,0.33234959,2.734804609,443.25218,4.25556763
32,Leaves,Autumn,TRT,YR1,381.4475061,21.74489663,38.84285025,0.81,0.032910891,49.58,71.7825,4191.3282,57.73909986,0.027988093,0.004497879,0.561307996,3.324661324,741.6397485,7.950963855
32,Leaves,Autumn,TRT,YR2,332.6378152,23.54091102,31.28830323,0.9525,0.055504501,49.6575,66.44,2388.881426,37.86137799,0.150630619,0.006002029,0.429270214,11.99583192,244.2437692,4.1187844
32,Leaves,Spring,PRE,PRE,241,4,133.4107143,0.9175,0.02665454,48.3475,61.92,4772.633933,77.94134842,0.039660013,0.00206797,0.187943919,2.553732562,375.7742579,7.63830813
32,Leaves,Spring,TRT,YR1,309.520992,18.43531813,37.17689633,0.89,NA,50.115,68.24,NA,NA,0.094428103,NA,0.218193339,7.266301214,NA,NA
32,Leaves,Spring,TRT,YR2,383.8149641,30.02288411,28.30760659,0.865,0.040049075,48.0875,65.32629288,3684.903855,58.01403406,0.042914644,0.009115177,0.096468907,3.157456891,865.2097916,15.7554259
32,Leaves,Summer,PRE,PRE,187,2,207.0357143,0.9575,0.042815105,48.68,79.8325,4589.045289,54.17244228,0.348027178,0.01797741,1.12779283,19.90232833,1475.132717,5.397495985
32,Leaves,Summer,TRT,YR1,326.1010827,30.81597963,23.43203031,1.16,0.066660129,47.9725,53.31056739,2077.387759,38.74775767,0.233273802,0.013960058,1.129405264,8.702445926,362.6430818,0.639813423
32,Leaves,Summer,TRT,YR2,390.8997741,29.3404027,29.50074661,1,0.037825036,48.305,57.52152491,3312.189788,62.70899378,0.081342896,0.001025496,0.193455421,4.802158038,101.7704887,3.560359605
32,Leaves,Winter,PRE,PRE,160,3,118.0952381,0.7875,0.02691718,48.6625,76.9025,5846.821903,74.52642591,0.09437293,0.007074383,1.235201569,13.03168854,1509.340639,15.22643191
32,Leaves,Winter,TRT,YR1,359.5813038,16.25958293,48.969014,0.845,0.045709813,49.96,70.44,3040.476079,42.2946729,0.066017674,0.006625606,0.77774246,6.544392001,504.159369,3.224771373
32,Leaves,Winter,TRT,YR2,377.633848,24.80388479,33.71202704,1,0.044196302,48.8975,57.55812388,3031.847403,52.33547604,0.049665548,0.005848674,1.737734996,4.064655509,453.0331846,6.242814935
32,LeavesB,Autumn,PRE,PRE,159,3,117.3571429,0.9118,0.039650632,49.03037024,69.44238868,3652.409246,52.70944412,0.104774672,0.005627002,0.551803446,9.917585639,577.5461702,3.970511619
32,LeavesB,Autumn,TRT,YR1,381.4475061,21.74489663,38.84285025,0.823745509,0.03970113,48.38806809,69.92495105,3557.500247,49.90843404,0.043503581,0.005608931,0.616020167,3.929752423,451.5109841,4.569601406
32,LeavesB,Autumn,TRT,YR2,332.6378152,23.54091102,31.28830323,1.004562515,0.059445972,45.22557221,54.99127001,2257.410356,40.06496254,0.103981431,0.011776618,0.75981374,4.08570977,257.2202615,2.275454208
32,LeavesB,Spring,PRE,PRE,241,4,133.4107143,0.899958991,0.029619422,44.55952466,58.59062636,4118.479083,69.52712976,0.039344843,0.002540277,0.822160434,3.257345204,457.0822523,5.057746785
32,LeavesB,Spring,TRT,YR1,309.520992,18.43531813,37.17689633,1.034285714,0.054509402,36.86428571,41.38690749,1826.291133,42.98838574,0.067466293,0.004500063,3.493986574,3.064256113,264.8166574,3.205472876
32,LeavesB,Spring,TRT,YR2,383.8149641,30.02288411,28.30760659,0.852115505,0.054187202,43.4520897,60.04651616,2086.093548,34.93276093,0.043401173,0.001907679,1.409906617,2.427543784,99.09951765,1.841614915
32,LeavesB,Summer,PRE,PRE,187,2,207.0357143,1.077515299,0.048353073,43.09317669,49.29233173,2496.734913,50.1891107,0.118383678,0.006683063,1.783691228,4.624267797,272.400507,1.766960911
32,LeavesB,Summer,TRT,YR1,326.1010827,30.81597963,23.43203031,1.18,0.075648049,40.00428571,42.25219312,1614.261,36.28195345,0.106859944,0.009955826,2.10416238,5.78992544,364.3160235,2.496122973
32,LeavesB,Summer,TRT,YR2,390.8997741,29.3404027,29.50074661,0.958837018,0.042127701,46.13348869,62.08799227,3475.85673,53.56623293,0.165208162,0.010646944,0.723619865,12.14069695,941.3507073,4.277974155
32,LeavesB,Winter,PRE,PRE,160,3,118.0952381,0.925714286,0.04905501,41.81285714,52.70790674,2347.702259,43.99726166,0.032576441,0.005309735,1.792289988,1.486465905,242.2921478,3.621746696
32,LeavesB,Winter,TRT,YR1,359.5813038,16.25958293,48.969014,0.842857143,0.041207129,44.22571429,61.42458264,2916.279424,46.98385851,0.027921172,0.003673476,1.433375731,2.102724258,298.2004862,3.549059677
32,LeavesB,Winter,TRT,YR2,377.633848,24.80388479,33.71202704,1.080116881,0.066524313,38.88345272,43.07734623,1568.300687,36.31013866,0.063069766,0.00475232,1.334726727,3.195689555,134.6057275,1.133044148
32,Wood,Autumn,PRE,PRE,159,3,117.3571429,0.4575,0.014299124,48.8525,130.645,10201.58811,76.75594875,0.05202163,0.00345843,0.989262141,16.8989297,1958.736872,9.653988187
32,Wood,Autumn,TRT,YR1,381.4475061,21.74489663,38.84285025,0.5,0.008238483,47.9775,116.2325,21984.63355,155.5969783,0.059581876,0.003082926,0.327143572,13.17425227,13001.99806,48.04033682
32,Wood,Autumn,TRT,YR2,332.6378152,23.54091102,31.28830323,0.4225,0.01692149,48.895,134.775,7595.515048,56.07983379,0.004787136,0.001257017,0.53007075,2.10446549,597.4622939,3.584234535
32,Wood,Spring,PRE,PRE,241,4,133.4107143,0.3425,0.009300326,47.2725,164.9325,15633.18668,91.74517997,0.033757715,0.001733862,0.388616671,14.6457533,4515.300033,19.16207428
32,Wood,Spring,TRT,YR1,309.520992,18.43531813,37.17689633,0.5625,0.026226665,49.0925,102.91,5197.008247,51.94228543,0.031721444,0.004708106,0.328693753,6.366676265,673.2004071,8.47182548
32,Wood,Spring,TRT,YR2,383.8149641,30.02288411,28.30760659,0.423,0.023996134,46.2915,132.6044656,6189.274141,44.67681785,0.047277549,0.00678835,0.387933306,14.71949597,1500.508316,6.680047548
32,Wood,Summer,PRE,PRE,187,2,207.0357143,0.38,0.011571103,47.3225,148.63,11323.80238,75.91952424,0.031091264,0.001631147,0.193148259,10.67193594,1822.793456,9.888482057
32,Wood,Summer,TRT,YR1,326.1010827,30.81597963,23.43203031,0.4025,0.021449477,47.63,144.7214934,6632.641608,44.58455501,0.050228644,0.004542847,0.129935882,18.1086572,1416.472408,5.325365004
32,Wood,Summer,TRT,YR2,390.8997741,29.3404027,29.50074661,0.411,0.019366716,46.072,134.6774431,6664.600606,49.34806943,0.040540104,0.002937624,0.567855762,13.31738652,1155.455158,6.638491223
32,Wood,Winter,PRE,PRE,160,3,118.0952381,0.34,0.010945663,50.415,181.1075,12093.26425,69.34055445,0.044158804,0.000767738,0.358061913,20.11135599,932.0203672,9.02258363
32,Wood,Winter,TRT,YR1,359.5813038,16.25958293,48.969014,0.405,0.017550138,47.855,138.3875,7155.277367,51.55420787,0.014433757,0.001223378,0.1559113,4.798302434,534.2804729,2.322277217
32,Wood,Winter,TRT,YR2,377.633848,24.80388479,33.71202704,0.425,0.020139286,45.9725,128.0869668,6783.165195,51.55294853,0.029011492,0.00371493,0.740341982,9.626885695,1653.392083,8.73021101
128,Biofilm,Autumn,PRE,PRE,41,2,45.39285714,0.456875398,0.018254554,4.097125798,10.59391133,643.9310082,65.27417471,0.090588631,0.005353754,0.80847275,1.497657761,161.3811333,19.50346208
128,Biofilm,Autumn,PRE,YR1,348.5018273,6.342878059,121.6612728,0.600919911,0.028958237,3.785672867,7.254369531,334.4436939,46.59801117,0.050305622,0.003022118,0.501290843,0.531296281,17.96562643,2.983745572
128,Biofilm,Autumn,TRT,YR2,588.3475912,11.67772866,111.5601933,0.632639984,0.031093997,3.24075853,6.002043173,269.4733582,44.94760976,0.062668929,0.001457106,0.253282525,0.192270783,18.12554787,3.093681568
128,Biofilm,Spring,PRE,PRE,88,3,64.95238095,0.568967818,0.032265901,4.324559399,8.17647587,335.4126188,43.87798001,0.166967818,0.015719285,2.318559399,2.35475116,22.22672825,9.918086645
128,Biofilm,Spring,TRT,YR1,436.724624,9.762960957,99.05121,2.074252708,0.112786655,13.10850387,7.636998399,299.4159253,39.46287929,0.698474548,0.032527761,3.887699795,0.39114523,10.30839625,2.164761432
128,Biofilm,Spring,TRT,YR2,468.8267694,10.08723099,102.9139135,0.875812233,0.104346749,5.855132916,7.930545223,161.3969636,20.54269596,0.218624109,0.027803923,1.31753804,0.317650352,45.08660447,5.729383978
128,Biofilm,Summer,PRE,PRE,36,2,39.85714286,0.584541093,0.070640521,4.576217572,9.142690585,176.0402588,19.12738047,0.016871795,0.015496416,0.026892547,0.317562344,39.60142785,3.667114375
128,Biofilm,Summer,TRT,YR1,598.736965,16.17016746,81.98892878,0.935155601,0.06115302,6.195663069,7.802168735,264.4314051,34.4237773,0.071959502,0.003663359,0.129090507,0.489780904,22.58597819,4.805866038
128,Biofilm,Summer,TRT,YR2,439.9014382,8.310253082,117.2127324,0.602093125,0.029519665,3.371043863,6.413782278,335.8569835,53.19642372,0.138672549,0.01200642,0.898042783,0.227603236,38.6302347,7.844398398
128,Biofilm,Winter,PRE,PRE,40,2,44.28571429,0.381563356,0.033483876,4.64046112,11.91284404,503.6756774,38.04227197,0.061501527,0.012002935,2.974271129,5.776906563,273.2425336,12.97676073
128,Biofilm,Winter,TRT,YR1,240.1212421,4.843694401,109.7709707,0.694700201,0.036715484,4.342395001,7.364545595,302.7086098,41.13066433,0.14058089,0.005476995,0.809161422,0.257296756,16.47288478,2.017036855
128,Biofilm,Winter,TRT,YR2,515.3835572,10.66239362,107.0309809,0.379339136,0.018574339,2.9093648,8.84577098,367.0572468,42.01640481,0.082131448,0.007259292,0.680954571,0.439046036,29.82439862,6.10990755
128,FBOM,Autumn,PRE,PRE,41,2,45.39285714,0.836666667,0.0849761,13.06666667,18.36318714,376.6105924,22.79659527,0.057831172,0.004285793,0.924163285,1.849424287,15.5406996,0.76969218
128,FBOM,Autumn,TRT,YR1,348.5018273,6.342878059,121.6612728,0.676,0.066805937,12.70225,21.75733492,501.1753447,23.05459546,0.048029505,0.009124103,0.940263294,0.19205915,33.86738608,1.582359398
128,FBOM,Autumn,TRT,YR2,588.3475912,11.67772866,111.5601933,0.557,0.069801828,10.82375,22.41933515,379.5636068,16.72343203,0.155309905,0.009711394,3.066722066,0.59644419,88.22795492,3.684628692
128,FBOM,Spring,PRE,PRE,88,3,64.95238095,0.2825,0.036375727,5.1825,18.0675,319.4652044,17.4001275,0.157235227,0.019158961,2.967786423,2.412458549,68.94869701,3.649926072
128,FBOM,Spring,TRT,YR1,436.724624,9.762960957,99.05121,0.4125,0.026961673,5.5775,12.91500684,443.7185469,31.75139123,0.133564903,0.006758411,2.452207764,3.097038763,130.8353027,4.127927969
128,FBOM,Spring,TRT,YR2,468.8267694,10.08723099,102.9139135,0.535,0.04441919,8.975,18.62557327,485.4974698,25.53315111,0.137204227,0.007677189,2.74233933,1.369282888,83.61180056,2.66148866
128,FBOM,Summer,PRE,PRE,36,2,39.85714286,0.42,0.051429221,7.66,21.01921811,358.853941,16.93176771,0.138624192,0.01165656,2.576237567,0.611523425,53.95340109,2.233460463
128,FBOM,Summer,TRT,YR1,598.736965,16.17016746,81.98892878,0.39475,0.033007635,7.8205,22.84897241,632.08731,27.27557049,0.064568278,0.002361844,1.462272005,0.571074431,142.8173995,5.540370215
128,FBOM,Summer,TRT,YR2,439.9014382,8.310253082,117.2127324,0.274,0.040991829,4.92,20.84933567,303.6907815,14.54350184,0.075,0.007401646,1.43,0.36487922,35.2839874,1.425298305
128,FBOM,Winter,PRE,PRE,NA,2,44.28571429,0.1225,0.02126522,2.02,18.67,234.164399,12.43673342,0.026259919,0.003903535,0.504859716,0.962868977,29.61627842,1.20666014
128,FBOM,Winter,TRT,YR1,240.1212421,4.843694401,109.7709707,0.652333333,0.053889473,13.87433333,24.81876005,667.9184221,26.88319997,0.07679482,0.003108542,1.617880747,0.246766962,112.1167072,4.414132532
128,FBOM,Winter,TRT,YR2,515.3835572,10.66239362,107.0309809,0.50425,0.05218916,9.9505,22.99530797,442.724171,19.58248871,0.03775,0.005858773,0.808907339,0.265645307,15.22401465,0.39514343
128,Leaves,Autumn,PRE,PRE,41,2,45.39285714,0.595,0.032616042,48.8975,99.5625,4466.007977,43.85031413,0.066895441,0.006701414,0.452223673,11.179275,966.6368394,6.108707303
128,Leaves,Autumn,TRT,YR1,348.5018273,6.342878059,121.6612728,0.695,0.02813606,46.6825,80.1375,4593.035939,56.80425699,0.051234754,0.004419769,0.479867603,6.609520123,661.4494085,4.762048958
128,Leaves,Autumn,TRT,YR2,588.3475912,11.67772866,111.5601933,0.6775,0.032214065,49.31,85.9125,4611.359418,51.84777993,0.046792984,0.006555913,0.241246762,5.616127632,1123.419515,9.102048095
128,Leaves,Spring,PRE,PRE,88,3,64.95238095,0.7575,0.027560991,48.4425,74.8475,4720.221962,62.67137341,0.030923292,0.003131637,0.148681707,2.809832068,534.6941679,5.85697944
128,Leaves,Spring,TRT,YR1,436.724624,9.762960957,99.05121,0.745,NA,49.5625,78.9125,NA,NA,0.052678269,NA,0.232284847,4.992296357,NA,NA
128,Leaves,Spring,TRT,YR2,468.8267694,10.08723099,102.9139135,0.7175,0.049103489,47.625,77.94302323,2873.576362,36.62262505,0.033509949,0.010033247,0.39628483,3.655287786,638.6973106,7.02199273
128,Leaves,Summer,PRE,PRE,36,2,39.85714286,0.975,0.039359082,47.4325,65.54,3992.947584,60.03639584,0.248478705,0.012308698,0.958013352,11.7609573,968.5677358,8.586595526
128,Leaves,Summer,TRT,YR1,598.736965,16.17016746,81.98892878,0.6325,0.043944711,48.55,93.78490859,3001.440626,32.15658657,0.083703345,0.005689708,0.099079093,10.83625322,380.9382171,2.304092802
128,Leaves,Summer,TRT,YR2,439.9014382,8.310253082,117.2127324,0.68,0.03200024,47.54666667,83.93763259,3474.597694,42.49061018,0.077674535,0.00559079,0.421676548,9.527773877,475.257537,6.627470323
128,Leaves,Winter,PRE,PRE,40,2,44.28571429,0.6775,0.023438376,49.465,87.11,5512.824085,59.98809163,0.053599596,0.001463538,0.693138995,6.886391169,362.6556425,3.048667314
128,Leaves,Winter,TRT,YR1,240.1212421,4.843694401,109.7709707,0.6325,0.02411494,48.5875,89.9425,5419.160261,60.04674976,0.024958299,0.002626353,0.365977572,4.015765546,662.0133781,6.631205547
128,Leaves,Winter,TRT,YR2,515.3835572,10.66239362,107.0309809,0.7925,0.034911735,47.9725,71.44713347,4002.05101,54.80071897,0.057209411,0.007001653,1.249715801,3.946172034,791.3223815,7.675367597
128,LeavesB,Autumn,PRE,PRE,41,2,45.39285714,0.7765375,0.034181827,47.51646295,76.24922427,4027.985742,52.72118654,0.070053008,0.003746756,0.521602549,7.991681839,582.9853854,5.113567378
128,LeavesB,Autumn,TRT,YR1,348.5018273,6.342878059,121.6612728,0.649959384,0.029964637,47.71257989,87.80977645,4397.791214,51.87258476,0.045043363,0.003252141,0.275142805,4.587328596,379.8307828,5.938781975
128,LeavesB,Autumn,TRT,YR2,588.3475912,11.67772866,111.5601933,0.942829312,0.047081532,41.41964028,51.84005263,2286.587388,44.31325904,0.038486262,0.001326371,1.788151102,3.093233343,120.8702591,1.087347675
128,LeavesB,Spring,PRE,PRE,88,3,64.95238095,0.760011342,0.032159627,42.34660469,65.40611083,3650.960004,54.74989796,0.0194349,0.002623791,1.879059716,3.571734604,440.9049605,4.512614261
128,LeavesB,Spring,TRT,YR1,436.724624,9.762960957,99.05121,0.9475,0.047091601,41.77,52.01128618,2393.906959,45.4964432,0.038948226,0.003569415,1.285615472,2.455808412,201.964083,1.981551694
128,LeavesB,Spring,TRT,YR2,468.8267694,10.08723099,102.9139135,0.792687559,0.046245825,42.50884013,62.59281925,2373.50827,37.94168077,0.03092272,0.001120738,2.675233984,3.245369862,142.6310706,1.150782971
128,LeavesB,Summer,PRE,PRE,36,2,39.85714286,1.183337703,0.067903733,42.6079132,43.9135478,1748.364592,39.64973873,0.109390057,0.007747434,1.61321215,3.446076968,175.0460674,2.117621812
128,LeavesB,Summer,TRT,YR1,598.736965,16.17016746,81.98892878,1.0925,0.058710953,35.825,43.18825549,1845.596722,42.53340278,0.165051399,0.010541049,1.838269761,5.317157525,230.0936559,1.921759809
128,LeavesB,Summer,TRT,YR2,439.9014382,8.310253082,117.2127324,1.041751904,0.044893255,44.25025742,49.69455402,2555.76986,51.7261681,0.033838884,0.002109907,0.472622215,2.132304918,103.5088782,3.756843685
128,LeavesB,Winter,PRE,PRE,40,2,44.28571429,0.83375,0.040667731,41.0125,57.06324734,2737.523868,46.8841735,0.051579948,0.003334168,3.192563765,2.642318978,350.7393211,4.10826857
128,LeavesB,Winter,TRT,YR1,240.1212421,4.843694401,109.7709707,0.7025,0.026732564,38.74625,64.00970767,4347.004125,66.8094479,0.02710759,0.003011695,3.045782762,3.889795154,952.8697778,12.29530396
128,LeavesB,Winter,TRT,YR2,515.3835572,10.66239362,107.0309809,0.969339554,0.051612476,36.8720011,44.2581677,1856.447913,41.84334619,0.015160627,0.001458646,1.945514337,1.893514821,114.3270513,1.487644709
128,Wood,Autumn,PRE,PRE,41,2,45.39285714,0.435,0.014247479,48.2125,147.21,10541.00974,70.08756708,0.097766729,0.004010186,1.068256953,27.641357,2299.174794,3.595443202
128,Wood,Autumn,TRT,YR1,348.5018273,6.342878059,121.6612728,0.3825,0.003497558,47.405,158.8725,36073.74059,246.9069644,0.059354163,NA,0.574260394,29.01984906,NA,NA
128,Wood,Autumn,TRT,YR2,588.3475912,11.67772866,111.5601933,0.4475,0.012890301,48.2075,134.54,11419.16374,82.07515414,0.069086299,0.002493591,0.187810853,19.2431464,3123.59381,11.33314183
128,Wood,Spring,PRE,PRE,88,3,64.95238095,0.2925,0.009344534,46.3425,202.9225,13149.39359,72.45513968,0.045711961,0.000875626,0.164335784,39.00596544,1202.710109,13.81189305
128,Wood,Spring,TRT,YR1,436.724624,9.762960957,99.05121,0.45,0.018649791,49.7225,136.4825,8886.192941,61.23972113,0.060277138,0.00472644,0.412681778,18.03575078,2769.510835,11.17906059
128,Wood,Spring,TRT,YR2,468.8267694,10.08723099,102.9139135,0.39775,0.012534909,45.75075,137.8836197,9437.248744,70.46999851,0.037663809,0.00020141,0.208518335,13.04458592,178.0585621,7.372520024
128,Wood,Summer,PRE,PRE,36,2,39.85714286,0.385,0.011810337,46.4475,141.89,11556.4767,85.49567956,0.027233558,0.002051761,0.926322253,7.478212799,2731.45977,25.92486608
128,Wood,Summer,TRT,YR1,598.736965,16.17016746,81.98892878,0.3975,0.021809493,46.635,140.6632766,5584.07936,40.37248399,0.03705289,0.00139801,0.31481476,13.5984901,314.2258776,3.103347924
128,Wood,Summer,TRT,YR2,439.9014382,8.310253082,117.2127324,0.3195,0.012380011,45.57225,173.5658217,10776.65087,60.57079329,0.038167394,0.002619583,0.498597094,20.22952625,2034.542272,5.616346738
128,Wood,Winter,PRE,PRE,40,2,44.28571429,0.3625,0.013360551,49.4925,166.8075,13188.0189,75.29366723,0.049560569,0.004570744,0.171093298,18.42153965,4023.724119,18.72620377
128,Wood,Winter,TRT,YR1,240.1212421,4.843694401,109.7709707,0.385,0.015625384,47.1925,145.6775,8127.77575,55.23913176,0.035237291,0.00197325,0.226582399,12.32486198,871.9067231,2.285081275
128,Wood,Winter,TRT,YR2,515.3835572,10.66239362,107.0309809,0.385,0.015493895,46.21,142.7065071,8128.664862,58.37861536,0.029580399,0.002032663,0.353718344,11.72909618,1095.109284,10.32663998
